donner_person_id,donation_code of donation
123456789,400005
999887777,900004
123456789,300001
999887777,900007
888665555,900004
789567162,300002
888665555,400007
987654321,400008
333445555,500001
789567162,400001
123456789,200003
333445555,400004
999887777,900002
888665555,500006
987654321,500007
999887777,700001
789567162,400017
333445555,400002
333445555,900005
888665555,900007
999887777,500005
123456789,400009
888665555,700003
789567162,500004
888665555,900009
123456789,400015
999887777,400011
888665555,500017
123456789,900010
333445555,400013
